"","gppa.mean","gppa.sd","gpptor.mean","gpptor.sd","gppv.mean","gppv.sd","nepa.mean","nepa.sd","nepv.mean","nepv.sd","resa.mean","resa.sd","resv.mean","resv.sd"
"L008",3.10121095337418,2.60632191386795,0.0129808019762672,0.00677468878766623,1.47676712065437,1.24110567327045,-216.757831043259,60.4431157757169,-103.218014782504,28.7824360836747,219.859041996633,62.6535597136913,104.694781903159,29.8350284350911
"L009",NA,NA,NA,NA,NA,NA,NA,NA,NA,NA,NA,NA,NA,NA
"L010",2.68907160803754,6.78980148901343,0.00806439346303121,0.00707949083340785,0.896357202679182,2.26326716300448,-266.904038433353,209.369141207426,-88.9680128111177,69.7897137358087,269.593110041391,215.852711471266,89.8643700137968,71.9509038237554
"L011",1.7910362288479,2.43645211448206,0.00428149519266064,0.00541468987397212,0.511724636813687,0.696129175566304,-354.11914156459,90.4365032740189,-101.176897589883,25.839000935434,355.910177793438,92.1686273011925,101.688622226697,26.3338935146264
"L012",3.77945743922889,2.72279431400553,0.0109848275721655,0.00613686017822366,1.21917981910609,0.878320746453396,-318.421989899919,76.3641320039254,-102.716770935458,24.6335909690082,322.201447339148,78.4121314640895,103.935950754564,25.2942359561579
"L013",3.3006226998409,5.10893217291771,0.00669707403463077,0.00613514901709177,1.10020756661363,1.70297739097257,-413.192134301346,296.796974740233,-137.730711433782,98.932324913411,416.492757001187,301.089256677177,138.830919000396,100.363085559059
"L014",-1.64147795348819,2.18167147328366,-0.00371720368192627,0.00428922257640064,-0.96557526675776,1.28333616075509,-510.855010805364,137.448595905685,-300.502947532567,80.8521152386384,509.213532851876,138.153208584408,299.537372265809,81.266593284946
"L015",2.315934270138,3.17421974585468,0.00552536255910138,0.00619428677843756,3.30847752876857,4.53459963693526,-346.354223088892,110.079333596104,-494.791747269846,157.256190851578,348.67015735903,112.632495437625,498.100224798614,160.903564910893
"L016",1.69817231852275,3.16046186439197,0.00314568426063598,0.00582171774177982,0.62895271056398,1.17054143125629,-431.957988411823,112.724763440328,-159.984440152527,41.7499123853066,433.656160730346,114.839075993606,160.613392863091,42.5329911087429
"L017",2.58919186066878,3.35844893332849,0.00661342422272241,0.00653527018848081,5.17838372133755,6.71689786665698,-331.524195598572,109.587776863334,-663.048391197143,219.175553726668,334.113387459241,112.29109582856,668.226774918481,224.58219165712
"L018",2.49696241180159,2.87218470678026,0.00655690710793813,0.00666430960706188,0.351684846732618,0.404533057292994,-334.589892609976,83.4589960007887,-47.1253369873205,11.7547881691252,337.086855021777,85.4547466877898,47.4770218340531,12.0358798151817
"L019",3.2545547229945,3.8914319540604,0.00828988560784165,0.0074303579446976,1.20539063814611,1.44127109409644,-335.980151855214,99.7725971899856,-124.437093279709,36.9528137740688,339.234706578209,102.899040137336,125.642483917855,38.1107556064209
"L020",2.55066969712201,3.22677122239893,0.00668038416210891,0.00686871326156336,0.425111616187002,0.537795203733155,-317.951248262553,99.4341291813586,-52.9918747104255,16.5723548635598,320.501917959675,102.038071223598,53.4169863266125,17.0063452039329
"L021",2.41963624421043,3.11826344327756,0.00685121368077732,0.00682353910620239,0.483927248842086,0.623652688655513,-295.193150659353,91.7587720871557,-59.0386301318706,18.3517544174311,297.612786903563,94.3636668710521,59.5225573807127,18.8727333742104
"L022",2.66673294732611,3.29378341300898,0.00786217426922882,0.00731963850252696,3.80961849618015,4.70540487572711,-291.242752974518,90.3358156785664,-416.061075677882,129.051165255095,293.909485921844,92.9584724404102,419.870694174063,132.797817772015
"L023",3.29242356278516,3.59420721573001,0.00745309223357866,0.00685600393059149,0.548737260464194,0.599034535955001,-386.709194481144,99.3394963462936,-64.4515324135239,16.5565827243823,390.001618043929,101.991822795219,65.0002696739881,16.9986371325364
"L024",24.2533578437705,663.481561033653,0.00749724570229006,0.00734222881584414,12.7649251809319,349.20082159666,-910.721051824079,17454.3181741426,-479.326869381094,9186.48324954874,934.974409667849,18117.7945170872,492.091794562026,9535.68132478272
"L025",2.99200931868665,3.63043777132448,0.00591695773307343,0.00624837526611424,1.30087361682028,1.57845120492369,-439.630116000727,107.873416922143,-191.143528695968,46.901485618323,442.622125319414,110.491566111227,192.444402312789,48.0398113527073
"L026",3.18015460300738,3.70085027665901,0.00888386269315747,0.00796101254495741,0.548302517759893,0.638077633906726,-305.016688863577,95.7833772247263,-52.5890842868237,16.5143753835735,308.196843466585,98.7867194037626,53.1373868045836,17.0321930006487
"L027",2.32306231008825,2.24698260943433,0.00858656644285903,0.00709572342019532,1.5487082067255,1.49798840628955,-240.922862981409,61.8041290841165,-160.615241987606,41.2027527227443,243.245925291497,63.4301249622629,162.163950194331,42.2867499748419
"L028",1.65356354032518,2.50062061935593,0.00434836694134291,0.00607954912278559,1.37796961693765,2.08385051612994,-317.216020707295,87.5810558767113,-264.346683922746,72.9842132305927,318.86958424762,89.3198981322898,265.724653539684,74.4332484435749
"L029",2.00328138414991,3.16028301647909,0.00366506919706938,0.00601472426112026,0.313012716273424,0.493794221324858,-451.12514504023,111.291297063497,-70.4883039125359,17.3892651661714,453.128426424379,113.31819754656,70.8013166288093,17.70596836665
"L030",3.23071109508812,3.12686125377503,0.00788723706009539,0.00641706219393039,1.07690369836271,1.04228708459168,-361.88615266921,88.8551858161994,-120.628717556403,29.6183952720665,365.116863764299,91.2404126831074,121.705621254766,30.4134708943691
"L031",1.00293930640227,2.83687676369803,0.00295310339642633,0.00605302207207637,0.286554087543506,0.810536218199439,-239.57030321236,152.560324550485,-68.4486580606742,43.5886641572814,240.573242518762,155.011855923126,68.7352121482177,44.2891016923218
"L032",1.92820980970284,2.50496129579026,0.00582363438070315,0.00645562141370019,0.482052452425709,0.626240323947565,-271.577116036003,92.6073567615853,-67.8942790090007,23.1518391903963,273.505325845706,94.5876829183748,68.3763314614264,23.6469207295937
"L033",2.46296835660287,2.39482416821256,0.00730485338909302,0.00611785701181696,0.912210502445507,0.886971914152801,-303.596795983003,70.5938542808899,-112.443257771482,26.1458719558851,306.059764339605,72.2772684712947,113.355468273928,26.7693586930721
"L034",1.25580991786056,1.45935448734082,0.00533147279096933,0.00553723192224919,0.627904958930282,0.729677243670411,-205.339414573516,53.2080329088102,-102.669707286758,26.6040164544051,206.595224491376,54.2356745549494,103.297612245688,27.1178372774747
"L035",2.24526911818204,2.82424814616756,0.00544821017002874,0.00594838494183018,0.449053823636408,0.564849629233511,-363.853825125098,437.845205012791,-72.7707650250197,87.5690410025582,366.09909424328,438.138936061522,73.2198188486561,87.6277872123043
"L036",3.22303764148263,29.6876027240906,0.00664405200414505,0.00631610263888611,0.644607528296526,5.93752054481812,-387.1495282628,1196.12523870242,-77.42990565256,239.225047740484,390.372565904283,1225.34997498436,78.0745131808565,245.069994996873
"L037",1.34875746172478,2.56259908438516,0.00290992900940408,0.00553871923323433,0.168594682715597,0.320324885548145,-363.122424339564,104.872676364668,-45.3903030424455,13.1090845455836,364.471181801289,106.51787344858,45.5588977251611,13.3147341810725
"L038",3.152357125856,3.74440709565615,0.00683963436573481,0.00588584001349919,1.576178562928,1.87220354782808,-392.612802526212,141.232009890762,-196.306401263106,70.6160049453808,395.765159652068,144.2184065718,197.882579826034,72.1092032858999
"L039",NA,NA,NA,NA,NA,NA,NA,NA,NA,NA,NA,NA,NA,NA
"L040",3.69714912866104,3.38145690232833,0.00757514758550705,0.0053680861902307,0.739429825732207,0.676291380465666,-438.557422955765,123.411869754531,-87.711484591153,24.6823739509062,442.254572084426,125.867269842268,88.4509144168852,25.1734539684535
"L041",NA,NA,NA,NA,NA,NA,NA,NA,NA,NA,NA,NA,NA,NA
"L042",3.62497740060975,2.85826473671235,0.011736804292262,0.00653179754197938,1.51040725025406,1.19094364029681,-281.432777622551,74.500135733933,-117.263657342729,31.0417232224721,285.05775502316,76.7933964926797,118.774064592984,31.9972485386166
"L043",4.04681423309776,22.9060918295053,0.0120332154998215,0.00538651289772756,2.5292588956861,14.3163073934408,-328.244184174645,862.693604406165,-205.152615109153,539.183502753853,332.290998407743,885.526069206901,207.681874004839,553.453793254313
"L044",0.00448357696593769,1.52332885637978,-0.000580595548530512,0.00536944489225276,0.00126618948487368,0.430197361304654,-258.670326802791,66.0561604623068,-73.0500781707966,18.6546626552688,258.674810379757,66.7606624754146,73.0513443602815,18.8536183212128
"L045",NA,NA,NA,NA,NA,NA,NA,NA,NA,NA,NA,NA,NA,NA
"L046",3.34122040538013,4.63205992276872,0.00906667604001728,0.00729238980314235,2.5701695426001,3.5631230175144,-309.387700289543,136.198525031074,-237.990538684264,104.768096177749,312.728920694923,140.371557322631,240.560708226864,107.978121017408
"L047",2.08425842129608,2.59395943281747,0.00713802512139647,0.00749557862141036,1.89478038299644,2.35814493892497,-245.25946952065,70.3373018300923,-222.963154109681,63.9430016637203,247.343727941946,72.3857139895246,224.857934492678,65.8051945359315
"L048",1.91053511660422,3.28831258846392,0.00464034397121894,0.00685143708372588,1.27369007773615,2.19220839230928,-323.196563838503,102.30378214037,-215.464375892335,68.2025214269134,325.107098955107,104.97971684158,216.738065970071,69.9864778943866
"L049",NA,NA,NA,NA,NA,NA,NA,NA,NA,NA,NA,NA,NA,NA
"L050",0.928820385793354,2.40938447692338,0.00215618130789495,0.00649927634792377,0.54636493281962,1.41728498642552,-301.80463524496,83.8769861283244,-177.532138379388,49.3394036048967,302.733455630753,85.4688841563187,178.078503312208,50.2758142095992
"L051",2.87861223618748,2.83843173454909,0.00743559240407509,0.00544754166532827,1.91907482412499,1.89228782303272,-342.046380380047,108.414190657957,-228.030920253365,72.2761271053049,344.924992616234,110.70890920242,229.94999507749,73.8059394682799
"L052",NA,NA,NA,NA,NA,NA,NA,NA,NA,NA,Inf,NA,Inf,NA
"L053",1.87030712647805,2.78722123976463,0.00416467341025359,0.00611148192412759,0.374061425295611,0.557444247952926,-364.153479869452,102.617882090617,-72.8306959738905,20.5235764181234,366.02378699593,104.590018288292,73.2047573991861,20.9180036576584
"L054",2.07144198195425,3.00932664284359,0.00482726109469051,0.00635435498760297,0.376625814900772,0.547150298698835,-351.26137869386,101.917111403012,-63.8657052170655,18.5303838914567,353.332820675814,104.149552602722,64.2423310319663,18.9362822914039
"L055",NA,NA,NA,NA,NA,NA,NA,NA,NA,NA,NA,NA,NA,NA
"L056",1.71706594011389,2.50023105352934,0.00461864314260572,0.00585239149877619,0.858532970056946,1.25011552676467,-307.111777337927,92.1894300692154,-153.555888668964,46.0947150346077,308.828843278041,94.0796372763252,154.414421639021,47.0398186381626
"L057",NA,NA,NA,NA,NA,NA,NA,NA,NA,NA,NA,NA,NA,NA
"L058",2.32700564735628,3.14800370922135,0.00454568385234468,0.00552375585758977,0.465401129471257,0.629600741844271,-424.661326983854,120.962707359409,-84.9322653967709,24.1925414718818,426.988332631211,123.366723101711,85.3976665262421,24.6733446203423
"L059",1.73335981111466,11.239695535307,0.00297612829305991,0.00597786278735199,0.366631374236359,2.37736273431765,-363.300067954696,408.886774724731,-76.8433664610804,86.4856327942661,365.033427765811,419.910777542155,77.2099978353168,88.8173733115096
"L060",-0.736751578170046,2.4924898416786,-0.00244063358833455,0.00579590133541975,-0.334887080986385,1.13294992803573,-418.274341069154,100.304706064208,-190.124700485979,45.5930482110036,417.537589490983,101.498842530076,189.789813404992,46.135837513671
"L061",NA,NA,NA,NA,NA,NA,NA,NA,NA,NA,NA,NA,NA,NA
"L062",NA,NA,NA,NA,NA,NA,NA,NA,NA,NA,Inf,NA,Inf,NA
"L063",3.35389323911987,4.22259761628757,0.00785479623911147,0.00652387715394088,1.04809163722496,1.31956175508987,-363.73606650629,128.954973001374,-113.667520783216,40.2984290629294,367.08995974541,132.654738333626,114.715612420441,41.454605729258
"L064",3.47740381363048,10.7131753787398,0.00564511115073957,0.00581479011440683,0.695480762726096,2.14263507574796,-481.063940233809,439.462417780091,-96.2127880467617,87.8924835560182,484.541344047439,449.784046929495,96.9082688094878,89.9568093858989
"L065",NA,NA,NA,NA,NA,NA,NA,NA,NA,NA,NA,NA,NA,NA
"L066",NA,NA,NA,NA,NA,NA,NA,NA,NA,NA,NA,NA,NA,NA
"L067",2.60531960900022,3.52862991217372,0.00532595859763212,0.00641619818655626,2.8947995655558,3.92069990241525,-406.756316783787,123.576761348722,-451.951463093097,137.307512609691,409.361636392787,126.1358164503,454.846262658653,140.150907167
"L068",3.95660666652336,14.3980118436262,0.0121402040388787,0.00645445246807575,0.989151666630839,3.59950296090656,-301.757638627079,498.959500336017,-75.4394096567697,124.739875084004,305.714245293602,513.163407635036,76.4285613234006,128.290851908759
"L069",3.46450193857291,6.02839054727584,0.0072866322400526,0.00689489793229094,1.1548339795243,2.00946351575861,-374.48344992768,226.467697287523,-124.82781664256,75.4892324291742,377.947951866253,231.910120231226,125.982650622084,77.3033734104087
"L070",NA,NA,NA,NA,NA,NA,NA,NA,NA,NA,NA,NA,NA,NA
"L071",1.05602485207613,3.65368788078663,0.00231831077468401,0.006974277454678,0.176004142012688,0.608947980131105,-318.540031777056,145.151019092922,-53.0900052961759,24.191836515487,319.596056629132,148.171088427871,53.2660094381886,24.6951814046451
"L072",1.43183309328972,2.70936034592943,0.00390708545702737,0.00662010785963196,0.204547584755674,0.387051477989919,-282.631827049638,84.7318039398516,-40.3759752928054,12.1045434199788,284.063660142927,86.7951263251935,40.5805228775611,12.3993037607419
"L073",3.11270598281427,3.4864387170875,0.00704361649232823,0.00653033451925052,1.15285406770899,1.29127359892129,-383.165874808757,105.529076436228,-141.913286966206,39.0848431245289,386.278580791572,108.150690167908,143.066141033915,40.0558111732994
"L074",7.1345830208013,5.62742572094295,0.0164411646161019,0.00692961001564017,2.3781943402671,1.87580857364765,-391.512724848349,142.269779464534,-130.504241616116,47.4232598215113,398.64730786915,147.252958455786,132.882435956383,49.0843194852619
"L075",8.86790263537069,6.91283342708638,0.0228364251621702,0.0071491973351981,5.91193509024713,4.60855561805759,-353.250909606511,143.822470972951,-235.500606404341,95.8816473153006,362.118812241882,150.44765901655,241.412541494588,100.298439344367
"CJF1",2.86250282144967,4.24843231170667,0.00739680478234956,0.00647448859482722,0.913370396123061,1.35559422836843,-329.362125456345,126.811055913391,-105.093211696345,40.4630044394993,332.224628277795,130.557652124495,106.006582092468,41.6584722796728
"L076",1.7157084072438,2.08935722559056,0.0064071216464399,0.00625344538357017,0.428927101810951,0.522339306397641,-226.712189926163,73.639191433111,-56.6780474815408,18.4097978582778,228.427898333407,75.3396975898437,57.1069745833518,18.8349243974609
"L077",2.01431561431377,2.99902124384647,0.00615485461042286,0.00587066772115153,0.503578903578443,0.749755310961619,-269.513717011547,141.369843779989,-67.3784292528868,35.3424609449972,271.528032625861,143.99949574906,67.8820081564652,35.9998739372649
"L078",4.99402603043626,15.5844979553582,0.00905654596109706,0.00497274223166191,3.12126626902266,9.74031122209885,-490.501325447246,714.145340853676,-306.563328404529,446.340838033547,495.495351477683,728.586928942199,309.684594673552,455.366830588875
"L079",1.17088968001276,1.88581243966725,0.00372791203152845,0.00546553847402823,0.234177936002552,0.377162487933449,-259.299157966825,103.041653874209,-51.859831593365,20.6083307748419,260.470047646838,104.288765545149,52.0940095293676,20.8577531090299
"L080",2.30922314299244,2.3370843369791,0.00764980928086119,0.0057591043673156,0.461844628598489,0.46741686739582,-264.566952684673,83.6558576081439,-52.9133905369346,16.7311715216288,266.876175827665,85.5079980135347,53.3752351655331,17.1015996027069
"L081",NA,NA,NA,NA,NA,NA,NA,NA,NA,NA,NA,NA,NA,NA
"L082",2.40503645225542,6.39102198914061,0.00867640999230306,0.00607582632759492,0.481007290451084,1.27820439782812,-249.177530308391,174.421197649616,-49.8355060616781,34.8842395299232,251.582566760646,180.564344508088,50.3165133521292,36.1128689016176
"L083",-2.58640744445752,213.147845574047,0.0105459296938925,0.00590734875184117,-0.369486777779646,30.4496922248639,-21.5714244103286,9374.6685035894,-3.08163205861837,1339.23835765563,18.985016965871,9587.78379342429,2.71214528083872,1369.68339906061
"L084",23.7983941090364,239.42721790413,0.0166393885934002,0.00644466341812685,5.94959852725909,59.8568044760325,-1071.6800780925,6378.22282515415,-267.920019523126,1594.55570628854,1095.47847220154,6614.56439983503,273.869618050385,1653.64109995876
"L110",3.72128300832651,2.7574449754518,0.0106481675294794,0.00585739409892597,0.826951779628112,0.6127655501004,-321.199969420874,82.8209654080857,-71.3777709824165,18.4046589795746,324.921252429201,84.9559929819694,72.2047227620446,18.8791095515488
"L111",1.9488056438089,1.79896407741879,0.00784294014401167,0.00604195765763182,1.62400470317409,1.49913673118233,-226.043678706028,54.9066048092927,-188.369732255023,45.7555040077439,227.992484349837,56.0981538654139,189.993736958198,46.7484615545116
"L112",1.60204044891364,1.43354335510704,0.00767991167909999,0.00591356105518773,0.801020224456819,0.716771677553519,-191.042376550138,43.1129147890067,-95.521188275069,21.5564573945034,192.644416999052,44.0634825429519,96.3222084995258,22.031741271476
"L113",0.156977881819448,1.32809067670643,0.000145174451553135,0.00536331113624578,0.0285414330580815,0.241471032128441,-228.617397299172,55.6596476679906,-41.5667995089403,10.1199359396346,228.774375180991,56.2756649489436,41.5953409419984,10.2319390816261
"L114",0.87244083386038,1.50808411356878,0.00273547604693831,0.00495626457909764,0.348976333544152,0.60323364542751,-264.654999013224,63.6390393887934,-105.861999605289,25.4556157555174,265.527439847084,64.5131802411952,106.210975938834,25.8052720964781
"L115",1.27667561254694,1.59451525240175,0.00479236851515702,0.00533873343855325,0.982058163497643,1.2265501941552,-231.462536365716,58.2374567399605,-178.048104896705,44.7980436461234,232.739211978263,59.3541573512495,179.030163060202,45.6570441163458
"L116",2.12873177318664,2.11091936764662,0.00666126163289054,0.0057801018279426,0.299821376505161,0.297312586992482,-283.974728403046,66.8330430908666,-39.9964406201473,9.41310466068544,286.103460176233,68.3790222677148,40.2962619966525,9.6308482067204
"L117",0.357308081176991,1.72386862489249,0.000723116346532741,0.00626511973872521,0.014887836715708,0.0718278593705204,-250.761735002065,59.1449246078344,-10.4484056250861,2.46437185865977,251.119043083242,60.0460364903931,10.4632934618018,2.50191818709971
"L118",0.474815442135913,1.42918702691276,0.00169307725136237,0.00623665951620051,0.089587819270927,0.269657929606182,-199.150802621776,48.9277991557316,-37.5756231361841,9.23166021806256,199.625618063912,49.7281623442114,37.665210955455,9.38267214041726
"L119",2.45921957038163,6.41415578639895,0.00655641901356698,0.00675684069839424,0.403613912749323,1.05270897528294,-301.41948820904,200.836392518018,-49.4697994762908,32.9618238171702,303.878707779422,206.965023148884,49.8734133890401,33.9676716147848
"L120",2.04503103994855,2.46987639052087,0.00560610248857265,0.00624108553729947,0.329843716120734,0.398367159761431,-320.844775332585,73.3425005713297,-51.7491573117072,11.8294355760209,322.889806372533,74.950651029093,52.0790010278279,12.0888146821118
"L121",1.28440032282623,2.04728222367469,0.00417045556393143,0.00669421471095343,0.163098453692219,0.259972345863452,-256.93145394785,64.1577052691352,-32.6262163743302,8.14701019290606,258.215854270676,65.4541460089988,32.7893148280224,8.3116375884443
"L122",1.5455147883945,1.49853322944,0.00894213307685049,0.00664467859501632,0.618205915357802,0.599413291776002,-154.873766635677,38.957059685624,-61.9495066542708,15.5828238742496,156.419281424071,40.1090523729168,62.5677125696286,16.0436209491667
"L123",1.68127708891793,1.53789683390093,0.00899189526169057,0.0068211470788919,0.54234744803804,0.496095752871267,-168.170348216665,40.7423929325583,-54.2484994247308,13.1427073975995,169.851625305583,41.8690559673179,54.7908468727688,13.5061470862316
"L124",1.06898636195455,1.22518691622566,0.00640202359577265,0.00700119278111115,0.148237677250226,0.169898203683894,-149.377925728474,32.7273829162205,-20.7144239913017,4.53834716572886,150.446912090428,33.4670769319576,20.8626616685519,4.64092146103443
"L125",1.80358903154157,1.85732137636643,0.00859880627226168,0.00714194131576161,0.200398781282396,0.206369041818493,-187.37198336073,45.0747271821415,-20.8191092623034,5.00830302023795,189.175572392272,46.4387970283653,21.0195080435858,5.15986633648503
"L126",1.87846935187599,1.57954578743094,0.010014659845194,0.00673539580236534,0.375693870375197,0.315909157486187,-170.848868590408,39.9841481540079,-34.1697737180816,7.99682963080158,172.727337942284,41.157049797919,34.5454675884568,8.23140995958381
"L127",1.61755798047127,1.68217883131563,0.00770080653540369,0.00651311914823257,0.323511596094255,0.336435766263126,-186.848528124988,45.8398278152861,-37.3697056249975,9.16796556305722,188.466086105459,47.0593594556359,37.6932172210918,9.41187189112718
"L128",1.47989146991413,1.34845640576606,0.00897764488678667,0.00694185147449157,0.278972151620066,0.254195522124503,-150.089054869069,33.0156338592686,-28.2930656893886,6.22372829499106,151.568946338983,33.9467081358073,28.5720378410086,6.39924372941625
"L129",1.00810559476455,1.51260543938779,0.00385189910728431,0.00563688333618634,0.285663245895309,0.428621547007024,-221.257472465683,52.55278371472,-62.6969318406584,14.8916927499915,222.265578060448,53.5323778367025,62.9825950865537,15.1692768026927
"L130",0.491963175815553,1.39263098547844,0.00211582639795899,0.00761005978852195,0.0379162370570754,0.10733186785961,-165.288000422886,41.2094550088893,-12.7389595701646,3.17606589663887,165.779963598702,41.9306145113459,12.7768758072217,3.23164659046982
"L131",0.647401051615894,1.58928114546263,0.0024195778025982,0.00697430180743106,0.0522603367465204,0.12829198784813,-199.138564724853,48.5817880856137,-16.0751182373953,3.92168131139923,199.785965776468,49.4871638121391,16.1273785741418,3.99476621021465
"L132",0.725074605964446,1.44118922008862,0.00306701278123142,0.00621385628018922,0.0853028948193466,0.169551672951602,-189.592407273132,48.367945478152,-22.3049890909566,5.69034652684141,190.317481879096,49.2734171870601,22.390291985776,5.79687261024237
"L133",2.49057185961419,1.98151458459853,0.0112683050534008,0.00632094664759312,1.2452859298071,0.990757292299265,-201.579865348076,54.4885977604744,-100.789932674038,27.2442988802372,204.07043720769,56.0758638038791,102.035218603845,28.0379319019395
"L134",1.69145185830351,1.81683060787669,0.00571116245778511,0.00545932082797194,0.225526914440468,0.242244081050225,-260.603536811691,64.6284453816843,-34.7471382415588,8.61712605089124,262.294988669994,65.9188205585342,34.9726651559992,8.78917607447123
"L135",1.69403085892595,1.91094285385465,0.00614190714798553,0.00575762898361596,0.18413378901369,0.20771117976681,-242.785933324242,59.3399238844236,-26.3897753613307,6.44999172656778,244.479964183168,60.7419462022386,26.5739091503444,6.60238545676507
"L136",1.55951619804285,2.04169380960635,0.00512362574937998,0.00565500957773476,0.519838732680951,0.680564603202116,-262.417706146414,71.3440811793179,-87.4725687154712,23.781360393106,263.977222344457,72.8474291618757,87.9924074481522,24.2824763872919
"L137",1.16528460763449,1.90300433263182,0.00331626195052369,0.00511814100377401,0.582642303817246,0.951502166315909,-291.09654140792,75.0968721177306,-145.54827070396,37.5484360588653,292.261826015554,76.3902985645702,146.130913007777,38.1951492822851
"L138",0.879959289863217,1.77300609213636,0.00227460987041363,0.0049800482026487,0.166030054691173,0.334529451346483,-306.040822847746,70.4939358485734,-57.7435514807069,13.3007426129384,306.92078213761,71.5995957206534,57.909581535398,13.5093576831421
"L139",2.04368623306035,1.9759438894212,0.00700509973485653,0.00536422762308435,0.681228744353449,0.658647963140399,-264.28540144985,79.3329601551414,-88.0951338166165,26.4443200517138,266.32908768291,80.6372269554484,88.77636256097,26.8790756518161
"L140",1.82830900935336,2.00349817272627,0.00575676673736793,0.00545737999003335,0.609436336451119,0.66783272424209,-278.296192587814,73.4348584350323,-92.7653975292714,24.4782861450108,280.124501597168,74.8716433842333,93.3748338657225,24.9572144614111
"L141",2.08611917731119,1.97649816893494,0.00731758776610467,0.00531017877694559,1.0430595886556,0.98824908446747,-253.645905921877,71.2376697275339,-126.822952960939,35.618834863767,255.732025099188,72.8025002134509,127.866012549594,36.4012501067254
"L142",1.7774437930512,2.11705227452404,0.00598090812979287,0.00604897217322341,0.444360948262799,0.52926306863101,-256.91389081438,69.7094146269287,-64.2284727035951,17.4273536567322,258.691334607432,71.3213539570435,64.6728336518579,17.8303384892609
"L143",1.96018523644382,2.21254301082894,0.00635632257660432,0.00582193059646365,0.653395078814607,0.737514336942981,-270.097539783943,148.140210726892,-90.0325132613144,49.3800702422974,272.057725020387,148.90764798334,90.685908340129,49.6358826611134
"L144",3.2617264128979,9.64040240947239,0.00743312673496475,0.00527048434136008,0.815431603224475,2.4101006023681,-367.366104113498,312.812803006894,-91.8415260283745,78.2032007517235,370.627830526396,322.255961813032,92.6569576315989,80.563990453258
"L145",2.35931099049377,2.65337010528269,0.00577937720637992,0.00549135788407798,0.589827747623442,0.663342526320673,-356.384215830825,99.0836913044295,-89.0960539577063,24.7709228261074,358.743526821319,101.031932979659,89.6858817053298,25.2579832449147
"L146",1.5197213433818,1.92532894145051,0.00479880782494369,0.00526859609738776,0.759860671690898,0.962664470725253,-278.276506738192,74.8673037129484,-139.138253369096,37.4336518564742,279.796228081574,75.9866276266405,139.898114040787,37.9933138133202
"L147",2.17181250909967,2.19432944518794,0.00692900853788218,0.00563153003689345,0.434362501819935,0.438865889037589,-276.386671409386,72.3285197128425,-55.2773342818772,14.4657039425685,278.558483918486,74.0754336692152,55.7116967836972,14.815086733843
"L148",3.49495865461639,2.85683904397065,0.0114768579250301,0.00585143652016063,2.05585803212729,1.68049355527685,-277.343689098239,78.5890710571891,-163.143346528376,46.2288653277583,280.838647752855,81.0273638649241,165.199204560503,47.6631552146612
"L149",1.63278914354328,1.93527999614526,0.00492726971327057,0.00538331324499565,0.453552539873132,0.537577776707015,-286.367708473462,71.1037184033918,-79.5465856870728,19.7510328898311,288.000497617005,72.4889408869345,80.0001382269459,20.1358169130374
"L150",1.14392078725374,1.78613720010931,0.0035268132723579,0.00550237457701331,0.381306929084581,0.595379066703103,-269.913041178436,64.2886627439128,-89.9710137261454,21.4295542479709,271.05696196569,65.4538539663692,90.35232065523,21.8179513221231
"L151",1.64387332245293,1.66277017870214,0.00603510086389545,0.00525856376546271,0.304420985639431,0.307920403463359,-243.570678157608,58.451034468813,-45.1056811402978,10.8242656423728,245.214551480061,59.6355248000233,45.4101021259373,11.043615703708
"L152",2.44766855687771,1.90684772567593,0.00974716338651311,0.00584712761852851,0.815889518959236,0.635615908558644,-229.779550339875,56.3025913051723,-76.5931834466252,18.7675304350574,232.227218896753,57.7825729701345,77.4090729655844,19.2608576567115
"L153",1.6409574806371,1.58132433385686,0.00758984778813246,0.00598701276783932,0.82047874031855,0.790662166928432,-194.191978178,45.7427803409046,-97.0959890890001,22.8713901704523,195.832935658637,46.9145250897,97.9164678293187,23.45726254485
"L154",1.92838398765025,2.16404971675004,0.00595839444848306,0.00546953899430617,0.642794662550084,0.721349905583348,-281.640272223625,77.4310833350924,-93.8800907412083,25.8103611116975,283.568656211275,79.0617049622241,94.5228854037584,26.3539016540747
"L155",2.73324222184522,2.66816201133593,0.00715337961767989,0.00602939149723346,0.273324222184522,0.266816201133593,-341.67929680415,81.2195732016307,-34.167929680415,8.12195732016307,344.412539025995,83.1674629786246,34.4412539025995,8.31674629786245
"L156",1.99952897359764,2.21326416487508,0.00636795819938935,0.00584545217951727,0.740566286517646,0.819727468472251,-277.628013094114,70.6148212354793,-102.825190034857,26.153637494622,279.627542067712,72.2047136890271,103.565756321375,26.7424865514915
"L157",1.81131335892269,2.1877216545866,0.00548896772359881,0.00581541822714851,0.362262671784537,0.437544330917321,-283.558748195517,75.2742463949427,-56.7117496391035,15.0548492789885,285.37006155444,76.8991519566512,57.074012310888,15.3798303913302
"L158",3.47091601470575,2.84891014162783,0.00926469010779432,0.00557833901002488,1.11965032732443,0.919003271492847,-338.234014612525,87.9362929753868,-109.107746649202,28.3665461210925,341.704930627231,90.2414612552483,110.227396976526,29.1101487920156
"L159",3.55406831485972,3.30152273832208,0.00813779345087244,0.00501030738467925,1.09087425256591,1.01335872876675,-388.339805527192,128.822076647277,-119.195765969058,39.5402322428719,391.893873842051,131.637305302642,120.286640221624,40.4043294360472
"L160",9.44141342956373,14.7689077504728,0.0251778058326378,0.00596643007685604,3.14713780985458,4.92296925015759,-349.004512884283,361.609114263184,-116.334837628094,120.536371421061,358.445926313847,376.236555722425,119.481975437949,125.412185240808
"L161",1.01233907965904,1.58897104574167,0.00372222567663297,0.00589174756082564,0.404935631863616,0.635588418296667,-230.927290285277,51.5631474870633,-92.3709161141108,20.6252589948253,231.939629364936,52.5150580181995,92.7758517459745,21.0060232072798
"L162",2.84864751027163,2.6559350537562,0.00803532122035907,0.00608777227102873,0.598706916828842,0.558204088641489,-320.077928320933,93.2679123564366,-67.271527600028,19.6023355099699,322.926575831205,95.1067611955864,67.8702345168568,19.9888106758273
"L163",4.10940192670494,15.2938515373768,0.00828496262764581,0.00625601412507139,0.373581993336813,1.39035013976153,-401.443790596975,362.251249640751,-36.4948900542705,32.9319317855228,405.55319252368,377.299428493607,36.8684720476073,34.2999480448734
"L164",4.13813620898104,3.70163416761553,0.00805499391327027,0.00595913131907264,0.637126437102547,0.569920580079374,-461.840260307038,116.910303897972,-71.1070454668265,18.0000467895262,465.978396516019,119.701870084934,71.744171903929,18.4298491277804
"L165",2.9694584983202,3.02810583044936,0.00697201600390585,0.00581276258765663,0.371182312290024,0.37851322880617,-375.955636107667,96.0352720868605,-46.9944545134584,12.0044090108576,378.925094605987,98.3847559222363,47.3656368257484,12.2980944902795
"L166",1.37471474853895,1.78149135066725,0.00570811434192488,0.00624504441976643,0.3927756424397,0.50899752876207,-202.924732110964,57.9222796687618,-57.9784948888469,16.5492227625034,204.299446859503,59.2821124552934,58.3712705312866,16.9377464157981
"L167",0.709595669731822,1.86953017353909,0.00193555836931581,0.00596419502190346,0.15425992820257,0.406419602943281,-248.088029300363,66.7962546573221,-53.9321802826876,14.5209249255048,248.797624970095,68.1263077146019,54.0864402108902,14.8100668944787
"L168",1.89925027453095,1.96027169176312,0.0068459264503032,0.00598559294751826,0.389430033736097,0.401942114366029,-241.143749105167,65.0244406026398,-49.4450992629007,13.332876892073,243.042999379698,66.5553825490764,49.8345292966368,13.6467874818693
"L169",1.3283572664406,1.83854801326007,0.00489596785715227,0.00612689891115821,0.225145299396713,0.311618307332216,-224.956317954456,71.4446233072634,-38.128189483806,12.1092581876718,226.284675220896,72.6792580782167,38.3533347832028,12.3185183183418
"L170",2.10834864713217,2.03616364342644,0.00754484562886803,0.0056309847672438,0.263543580891521,0.254520455428305,-248.144141045954,66.4635856152174,-31.0180176307442,8.30794820190218,250.252489693086,68.08225241784,31.2815612116357,8.51028155223
"L171",1.45087066888606,1.84826089270683,0.00607406736746544,0.0057440856688289,0.244501292363678,0.311469648248539,-206.864013247987,58.8252824808065,-34.860804389617,9.91325960242778,208.314883916873,60.3019014033366,35.1053056819806,10.1621000005623
"L172",1.61525135987005,1.93429816959723,0.00577486720702219,0.00584578661659814,0.35894474663779,0.429844037688274,-239.939274563665,65.0131266190503,-53.3198387919257,14.4473614709001,241.554525923536,66.5233359805557,53.6787835385635,14.7829635512346
"L173",-0.316914079962209,1.34647670404814,-0.00200429098372094,0.00547525454857835,-0.0396142599952761,0.168309588006017,-225.728110393881,53.0746255019932,-28.2160137992351,6.63432818774915,225.411196313919,53.7225684595605,28.1763995392399,6.71532105744506
"L174",1.02224994873934,1.87646333286367,0.00306165764741812,0.00585252210052831,0.102224994873934,0.187646333286367,-262.374848216076,67.1913896704845,-26.2374848216076,6.71913896704845,263.397098164816,68.484565710858,26.3397098164816,6.8484565710858
"L175",0.993457012162755,1.95348335443409,0.00292753995583358,0.00579384145029041,0.129020391189968,0.253699136939492,-269.885152075469,64.4683462979694,-35.0500197500609,8.37251250622979,270.878609087632,65.7697436112722,35.1790401412509,8.54152514432107
"L176",1.18254383723786,1.54573956550981,0.00486448660483667,0.00595399516553729,0.236508767447571,0.309147913101962,-205.466998763986,55.1048123908369,-41.0933997527973,11.0209624781674,206.649542601224,56.1609444716913,41.3299085202448,11.2321888943383
"L177",NA,NA,NA,NA,NA,NA,NA,NA,NA,NA,NA,NA,NA,NA
"L178",2.3064058888788,2.39817796500598,0.00714688030100391,0.00583381846697802,0.46128117777576,0.479635593001196,-283.254417291731,76.8065916003548,-56.6508834583463,15.361318320071,285.56082318061,78.7334637001875,57.1121646361221,15.7466927400375
"L179",0.469333676020191,1.45617589351744,0.00143332540347334,0.0058571815292557,0.117333419005048,0.364043973379359,-231.063785050124,49.2926617433231,-57.7659462625311,12.3231654358308,231.533118726145,50.0717501983242,57.8832796815361,12.5179375495811
"L203",0.887807351896962,1.38099920817618,0.00358575969519782,0.00539776064537126,0.155755675771397,0.242280562837927,-207.68591653222,49.5203412354392,-36.436125707407,8.68777916411215,208.573723884117,50.4273140879571,36.5918813831783,8.84689720841352
"L204",0.297315877315749,1.90643478577894,0.00038990945018398,0.00600879152517524,0.01564820406925,0.100338672935734,-295.316592680614,64.057273155023,-15.5429785621376,3.37143542921174,295.61390855793,65.007747892439,15.5586267662068,3.42146041539153
"L205",NA,NA,NA,NA,NA,NA,NA,NA,NA,NA,NA,NA,NA,NA
"L206",1.62235482604402,1.81276123099347,0.00623907528769619,0.0067116165137187,0.202794353255502,0.226595153874184,-233.79458817796,49.8898852506173,-29.2243235222449,6.23623565632716,235.416943004004,50.9613424321278,29.4271178755004,6.37016780401598
"L207",1.03495316761809,1.81443778643712,0.00351983464963954,0.00624714368648365,0.57497398201005,1.00802099246507,-239.181725394316,58.4527955970941,-132.878736330176,32.473775331719,240.216678561935,59.6288689258642,133.453710312186,33.1271494032579
"L208",NA,NA,NA,NA,NA,NA,NA,NA,NA,NA,NA,NA,NA,NA
"L209",0.830999560348212,1.50193550371342,0.00302992104873386,0.00565697687975063,0.118714222906887,0.214562214816203,-231.575072113428,51.4101278184914,-33.0821531590612,7.3443039740702,232.406071673777,52.247438089964,33.2008673819681,7.46391972713772
"L210",0.613732954225557,1.72993028712859,0.00151416174141749,0.00553422157946711,0.0601698974730938,0.169601008542018,-294.472869465313,65.6153666498485,-28.869889163266,6.43287908331848,295.086602419539,66.5632383355907,28.9300590607391,6.52580767995987
"L211",1.10117273151647,1.57841973814002,0.00387425116161053,0.00542062129251307,0.220234546303295,0.315683947628004,-243.042488893904,60.3173750868643,-48.6084977787808,12.0634750173729,244.14366162542,61.3081648955422,48.8287323250841,12.2616329791084
"L212",1.29622168855354,1.66741364633954,0.0040504480769765,0.00503918705578997,0.498546803289823,0.641312940899824,-279.502757049652,63.6947416090945,-107.501060403712,24.4979775419594,280.798978738205,64.7377095690751,107.999607207002,24.8991190650289
"L213",1.38065221651064,1.82741825347568,0.0042602644520454,0.00540612215510498,0.920434811007093,1.21827883565045,-280.73964166754,64.7471023800779,-187.159761111693,43.1647349200519,282.120293884051,65.934509538051,188.0801959227,43.956339692034
"L214",1.53306563058939,1.9666907231914,0.00438468616018474,0.0054421160322517,0.170340625621043,0.218521191465711,-309.786248402476,68.0375682117114,-34.4206942669417,7.55972980130126,311.319314033065,69.1878097759564,34.5910348925628,7.68753441955072
"L215",3.17342234778843,2.5629683633213,0.00911098341177304,0.0049990031389618,2.44109411368341,1.97151412563177,-317.114584434412,92.3960004609538,-243.934295718779,71.073846508426,320.288006782201,94.5667165224755,246.375389832462,72.743628094212
"L216",1.57500774452683,2.19304474199943,0.00424520744345012,0.00570710366431569,0.684785975881229,0.953497713912794,-316.635504471573,74.2208780948887,-137.667610639814,32.2699469977777,318.2105122161,75.7146389131718,138.352396615695,32.9194082231182
"L217",1.44624002415768,2.04722338686098,0.00402674340852415,0.00562453952042039,0.180780003019709,0.255902923357623,-318.116891252471,68.0995525240017,-39.7646114065589,8.51244406550021,319.563131276629,69.1864731447238,39.9453914095786,8.64830914309048
"L218",1.74425550153567,1.88837921288526,0.00538037659232606,0.00532682735609377,0.290709250255944,0.31472986881421,-291.441416034791,65.7202083296382,-48.5735693391318,10.9533680549397,293.185671536327,66.9151415538592,48.8642785893878,11.1525235923099
"L219",NA,NA,NA,NA,NA,NA,NA,NA,NA,NA,Inf,NA,Inf,NA
"L220",0.575303762879981,1.46201900729398,0.00196070734633918,0.00577456871174276,0.0821862518399973,0.208859858184854,-226.443798453098,51.3002843240659,-32.3491140647283,7.32861204629513,227.019102215978,52.0540473048218,32.4313003165683,7.4362924721174
"L221",1.01385949409452,1.67548093954711,0.00355132221488333,0.00603628272258165,0.277769724409458,0.459035873848523,-242.658575598767,54.866626900511,-66.4818015339087,15.0319525754825,243.672435092861,55.8237745708497,66.7595712583181,15.2941848139314
"L222",1.21085306772186,2.11571110296032,0.00352412021580728,0.00611177100777916,0.345958019349103,0.604488886560091,-285.865216394136,67.7261287545497,-81.6757761126103,19.3503225012999,287.076069461858,69.0131121732107,82.0217341319594,19.7180320494888
"L223",0.916065922942755,1.88747767650414,0.00275530506775134,0.0062366229510178,0.130866560420394,0.269639668072021,-263.666284440113,61.486145012812,-37.6666120628732,8.78373500183029,264.582350363055,62.5914319728143,37.7974786232936,8.94163313897347
"L224",1.41937082727707,2.11734984853241,0.00389755017545288,0.005895197098798,0.315415739394904,0.470522188562759,-312.643943282068,71.7649950889522,-69.4764318404595,15.9477766864338,314.063314109345,73.0150409791716,69.7918475798544,16.2255646620381
"L225",1.06248825667545,1.93670483876253,0.00291983284365699,0.00567159005190005,0.265622064168863,0.484176209690632,-309.600742907483,65.1406939975385,-77.4001857268708,16.2851734993846,310.663231164159,66.126554944492,77.6658077910397,16.531638736123
"L226",2.62425173289461,2.93834009633193,0.00609845495491786,0.00637561908805263,0.624821841165384,0.699604784840936,-382.121126156245,87.3887414545127,-90.9812205133917,20.8068432034554,384.74537788914,89.3337655749892,91.6060423545571,21.2699441845212
"L227",2.17174099667455,2.34561335150732,0.00605849605106498,0.00598451463100504,0.658103332325622,0.710791924699187,-325.703770319089,69.6222645059963,-98.6981122179058,21.097655910908,327.875511315764,71.0140433837495,99.3562155502314,21.5194070859847
"L228",NA,NA,NA,NA,NA,NA,NA,NA,NA,NA,Inf,NA,Inf,NA
"L229",1.85629182178496,2.2596112654734,0.00544657683548311,0.00617970405068328,0.277058480863426,0.337255412757224,-301.074032754523,67.7917633778,-44.9364227991825,10.1181736384776,302.930324576308,69.2674475988572,45.213481280046,10.3384250147548
"L230",2.09167158461696,3.08684092031551,0.00429739163960379,0.0061787808308239,1.39444772307797,2.057893946877,-421.02954465411,95.2981420655961,-280.68636310274,63.5320947103974,423.121216238727,97.1642359893322,282.080810825818,64.7761573262215
"L231",1.26170109793372,2.41217608245341,0.00278228374716553,0.00578379336605147,0.394281593104287,0.75380502576669,-376.959746342877,81.6686203436793,-117.799920732149,25.5214438573998,378.221447440811,82.9288054171928,118.194202325253,25.9152516928728
"L232",0.96381608833527,2.06323794844914,0.00243336416532489,0.00570424504730503,0.107090676481697,0.229248660938793,-318.832457600235,68.4635986842364,-35.4258286222484,7.60706652047071,319.796273688571,69.6098343303403,35.5329192987301,7.73442603670448
"L233",0.927799481537699,1.79558375917865,0.0026474978747876,0.0056376316481594,0.0883618553845427,0.171007977064633,-288.535987647774,62.3739604954704,-27.4796178712166,5.9403771900448,289.463787129312,63.3525862186388,27.5679797266011,6.03357963987036
"L234",2.37364965996413,1.83794697280982,0.0115650583760954,0.00698972497678582,0.296706207495516,0.229743371601228,-189.833062917767,43.3414465269097,-23.7291328647208,5.41768081586371,192.206712577731,44.6508751946745,24.0258390722163,5.58135939933431
"L235",0.255390145160484,1.99068824792904,0.000144460664792372,0.00511183289469385,0.0283766827956093,0.221187583103226,-365.193104323875,78.7997750857073,-40.5770115915417,8.75553056507858,365.448494469036,79.8413016940378,40.6053882743373,8.87125574378198
"L236",0.620024469272489,1.39415890758772,0.00237882202035212,0.00601377770335384,0.114819346161572,0.258177575479207,-207.176371523271,45.2185158329417,-38.3659947265316,8.37379922832254,207.796395992543,45.9747789184704,38.4808140726932,8.51384794786489
"L237",0.794530043327515,1.4829952727904,0.00304410777633984,0.00595812751667982,0.158906008665503,0.29659905455808,-216.177454537113,49.0184108276871,-43.2354909074226,9.80368216553742,216.971984580441,49.8594788419283,43.3943969160881,9.97189576838566
"L238",0.502078895496602,1.67871477503677,0.00141576016299313,0.00602299293924557,0.0452323329276218,0.151235565318628,-256.012767193607,56.1318681975747,-23.0642132606853,5.05692506284457,256.514846089104,56.915104252435,23.1094455936129,5.12748686958874
"L239",0.815220311968017,1.56476823109101,0.00288368099748298,0.00597343747486892,0.22032981404541,0.4229103327273,-231.472108243458,50.3937263524205,-62.5600292549886,13.6199260411947,232.287328555426,51.2683376176073,62.780359069034,13.8563074642182
"L240",0.866802263274787,1.579459260799,0.00309529942359383,0.00607655230858245,0.108350282909348,0.197432407599875,-231.452106806465,52.1270216741736,-28.9315133508081,6.5158777092717,232.31890906974,52.9980364280002,29.0398636337175,6.62475455350002
"L241",5.75520217030626,3.25587545811829,0.0189538840504175,0.00631761386042492,1.3702862310253,0.775208442409117,-282.233507221872,73.8029431682537,-67.1984541004458,17.5721293257747,287.988709392179,76.6495660162244,68.5687403314711,18.2498966705296
"L242",1.69801966375571,2.04949945681141,0.00523057839692471,0.00603969724517532,0.239157699120522,0.288661895325551,-286.215971572496,63.473070819188,-40.3121086721825,8.9398691294631,287.913991236252,64.7611666098077,40.5512663713031,9.1212910718039
"L243",1.58014306338246,1.93012261490547,0.00501632422540517,0.00577059891075992,0.415827121942752,0.507927003922493,-280.49121038773,64.0141307056176,-73.8134764178238,16.8458238698994,282.071353451113,65.1817232604823,74.2293035397665,17.153085068548
"L244",1.71119119018471,2.21021796889355,0.00483156651067709,0.00589370888873707,0.488911768624203,0.631490848255299,-312.103735961421,71.7097608474353,-89.1724959889776,20.4885030992672,313.814927151606,73.0826366835374,89.6614077576018,20.8807533381535
"L245",2.06849807214891,2.56689019227931,0.00508480734980117,0.00591070512082675,1.59115236319147,1.97453091713793,-349.36401273497,83.8010325699127,-268.741548257669,64.4623327460867,351.432510807119,85.6410818282918,270.332700620861,65.8777552525322
"L246",1.38262991680737,1.91933905908664,0.00423608589938545,0.00581318159031421,0.118173497163023,0.164046073426209,-279.845120302807,62.1550063064881,-23.9183863506673,5.31239370140924,281.227750219615,63.3969855162895,24.0365598478303,5.41854577062304
"L247",1.06910316183895,1.55189884592768,0.00385279075881921,0.00566739655255871,0.178183860306492,0.258649807654613,-236.397522330924,53.235391172178,-39.3995870551541,8.872565195363,237.466625492763,54.2134468146855,39.5777709154605,9.03557446911425
"L248",0.312298488746505,2.19337057048405,0.00033839998092349,0.00542100417105898,0.0303202416258743,0.212948599076121,-380.24253654514,81.403368543322,-36.9167511208874,7.90323966440019,380.554835033887,82.3657791827474,36.9470713625133,7.996677590558
"L249",1.54639908688565,1.91281830422385,0.00499196741755267,0.00573639220468322,0.773199543442823,0.956409152111927,-270.132526320462,63.1436360861084,-135.066263160231,31.5718180430542,271.678925407348,64.4357762624701,135.839462703674,32.217888131235
"L250",1.54228419382623,2.43048441661032,0.00349147018517914,0.00537599682525249,0.771142096913117,1.21524220830516,-375.745947357523,86.3821222164771,-187.872973678762,43.1910611082386,377.288231551349,87.8753999838059,188.644115775675,43.9376999919029
"L251",1.44688416374082,1.91010800112268,0.00496100890708998,0.00603126301025319,1.31534923976438,1.73646181920243,-250.351586029814,72.1794423318357,-227.592350936195,65.6176748471234,251.798470193555,73.4488437365622,228.907700175959,66.7716761241474
"L252",1.19181634689301,1.61865509846754,0.00460613008854837,0.00582963620424078,0.410971154101038,0.558156930506048,-222.496627550165,53.7292188822,-76.7229750172981,18.527316855931,223.688443897058,54.7875038724841,77.1339461713992,18.8922427146497
"L253",0.552906490039796,1.08946261823468,0.00291970713530064,0.00618670831002517,0.163320874945293,0.321812080768797,-147.285994089057,35.4019746187026,-43.5062309000581,10.4572501384482,147.838900579096,36.1191400409255,43.6695517750034,10.6690908137666
"L254",0.637284371147373,1.09326007082468,0.00354846918797309,0.00649134520512682,0.455203122248124,0.780900050589057,-146.122984181285,36.850105636275,-104.373560129489,26.3215040259107,146.760268552433,37.522354548322,104.828763251738,26.80168182023
"L255",0.373417779274955,0.953833886137417,0.00193235976552128,0.00568159733102552,0.0673650200741369,0.172072789388335,-148.693203487141,32.5868682577842,-26.8244341692778,5.87871053863909,149.066621266415,33.102643006311,26.8917991893519,5.97175692854507
"L256",0.757903529801374,1.33238544251429,0.00332843329918629,0.0061170871019364,0.143000666000259,0.251393479719678,-193.463910616955,43.587525758977,-36.5026246447084,8.22406146395792,194.221814146756,44.3003327038336,36.6456253107087,8.35855334034596
"L257",NA,NA,NA,NA,NA,NA,NA,NA,NA,NA,NA,NA,NA,NA
"L258",1.56092192581847,1.59024246911254,0.00754301110695509,0.00638132945651104,0.28380398651245,0.289134994384099,-185.432142928936,45.5822280786156,-33.7149350779884,8.28767783247557,186.993064854754,46.7294471752716,33.9987390645008,8.49626312277666
"L259",1.2543499793628,1.45628487542505,0.00561895425378364,0.00564515092188553,0.388825164092622,0.451421226108199,-194.756739787835,49.0708151555641,-60.3709670762044,15.2110400358227,196.011089767198,50.126477169873,60.759792240297,15.5382756261231
"L260",1.14924612314227,1.19024726494903,0.00687145052637353,0.00645620465514235,0.776517650771803,0.804221124965561,-150.12886412118,35.1809821353543,-101.4384217035,23.7709338752394,151.278110244322,35.9458595535722,102.214939354272,24.2877429416029
"L261",2.22221232699676,1.48394869459585,0.0127201061927836,0.00593852298569614,1.11110616349838,0.741974347297927,-162.230564233965,40.5610532378667,-81.1152821169823,20.2805266189334,164.452776560961,41.7284113680228,82.2263882804806,20.8642056840114
"L262",1.36580788327043,1.33262555141698,0.00742134895923727,0.00611796497762626,0.682903941635213,0.666312775708489,-165.389061464174,39.9266971307897,-82.6945307320872,19.9633485653949,166.754869347445,40.8633184855122,83.3774346737224,20.4316592427561
"L263",1.54084073070747,2.07425075024382,0.00520913786158768,0.00669353347528802,0.308168146141493,0.414850150048763,-254.330218684477,63.2497845142925,-50.8660437368954,12.6499569028585,255.871059415184,64.5727026627561,51.1742118830368,12.9145405325512
"L264",0.207533411561613,1.557771565115,0.000269424145780147,0.00710860187048834,0.0159102584760513,0.119424376350429,-196.353933492377,46.7099577631097,-15.0531994397713,3.58095352369746,196.561466903939,47.4872424231497,15.0691096982474,3.64054296405625
"L265",3.30546033006825,2.90331805785941,0.0110886735301862,0.00628499337837877,0.826365082517063,0.725829514464853,-265.191468930775,88.6449865312753,-66.2978672326938,22.1612466328188,268.496929260843,91.1718563522008,67.1242323152108,22.7929640880502
"L266",4.80910574290809,5.43670261992636,0.0210675695084326,0.00760582750012804,2.40455287145404,2.71835130996318,-201.446068533082,108.341959488931,-100.723034266541,54.1709797444657,206.25517427599,113.630249393618,103.127587137995,56.8151246968091
"L267",2.36874738127622,2.19544691227094,0.011123927229017,0.00702410589769702,0.789582460425406,0.731815637423647,-188.842278052255,57.2515082748832,-62.9474260174183,19.0838360916277,191.211025433531,59.0467141086233,63.7370084778437,19.6822380362078
"L268",2.32914701263998,2.44709673111571,0.00753460247792355,0.00640494769225666,0.582286753159996,0.611774182778928,-269.933852843702,76.0164292451203,-67.4834632109255,19.0041073112801,272.262999856342,77.9375265043234,68.0657499640855,19.4843816260808
"L269",1.91179884489633,2.09299968867139,0.00758174108439436,0.00666483005893383,0.477949711224083,0.523249922167848,-220.955065589895,61.0658617651933,-55.2387663974739,15.2664654412983,222.866864434792,62.6557112152425,55.716716108698,15.6639278038106
"L270",1.41367103140253,1.61894676048284,0.00611180922268795,0.00596503234922799,0.344797812537203,0.394865063532401,-203.967543003885,52.6629020517293,-49.7481812204597,12.8446102565193,205.381214035287,53.8169382142537,50.0929790329969,13.1260824912814
"L271",1.74144355306591,1.66163357720196,0.00835774979069922,0.00633726113730866,0.425780819820516,0.406267378288988,-186.194438210102,48.3848902885816,-45.5243125208073,11.8300465253256,187.935881763168,49.6452065097319,45.9500933406278,12.1381923006679
"L272",1.86563106862549,1.52390002036861,0.00978128650477714,0.0060094541260127,0.489692652796863,0.399994755726969,-174.108208984835,43.9808609903537,-45.7000916018779,11.544139059886,175.97384005346,45.1412246304794,46.1897842546748,11.8487124338494
"L273",3.11122826496594,2.33345093531189,0.0121424385454057,0.00603886887538489,0.670667873456767,0.50300731522136,-233.831471727053,62.4364179771664,-50.405577005185,13.4590252160307,236.942699992019,64.3947227484377,51.0762448786418,13.8811646364384
"L274",1.00628912435881,1.46053637255893,0.0041263049644651,0.00604054042278077,0.125786140544851,0.182567046569867,-209.095386782432,48.4136840408826,-26.136923347804,6.05171050511033,210.101675906791,49.3081422094093,26.2627094883488,6.16351777617616
"L275",5.3430121806151,3.88938483353403,0.017507768764735,0.00721761632722214,0.890502030102516,0.648230805589005,-275.652040284768,85.3233024922313,-45.9420067141279,14.2205504153719,280.995052465383,88.8460799713416,46.8325087442304,14.8076799952236
"L276",3.48508389611036,2.6263917379708,0.0106464310363187,0.00605695594160965,0.348508389611036,0.26263917379708,-301.540375513316,73.9112654998032,-30.1540375513316,7.39112654998032,305.025459409426,75.9257197670621,30.5025459409426,7.59257197670621
"L277",4.05686806706381,4.20368771732844,0.0130885868771573,0.00632668158810035,0.579552581009116,0.600526816761206,-277.71942251728,106.975596694767,-39.6742032167543,15.2822280992524,281.776290584344,110.867135840181,40.2537557977634,15.838162262883
"L278",3.0556699384706,2.44570203009463,0.0103202076876171,0.00594382854863643,0.557807582780321,0.446458932109279,-269.648566110523,71.5523937640778,-49.2239076506978,13.0617732318506,272.704236048993,73.510580472128,49.7817152334781,13.4192370339774
"L279",4.55609275195338,4.60266052438233,0.0126187500968587,0.0061515650797782,1.13902318798834,1.15066513109558,-320.329885263348,133.420540147019,-80.082471315837,33.3551350367547,324.885978015301,137.696711907905,81.2214945038253,34.4241779769761
"L280",3.4417430007328,2.62391920414611,0.010660303712953,0.0062151069397917,0.860435750183199,0.655979801036528,-293.646142941128,74.1436021832128,-73.4115357352821,18.5359005458032,297.087885941861,76.236056023193,74.2719714854653,19.0590140057982
"L281",4.03404927862784,3.53949001875679,0.0123817562506724,0.00636722429785968,2.01702463931392,1.76974500937839,-291.296213452213,97.597784799006,-145.648106726107,48.798892399503,295.330262730841,100.755445049354,147.66513136542,50.3777225246768
"L282",4.77369778434378,4.18501966568161,0.0107090947698617,0.00573593872682977,1.90947911373751,1.67400786627264,-395.551288190751,132.417267286555,-158.2205152763,52.9669069146219,400.324985975094,136.123309529791,160.129994390038,54.4493238119163
"L283",2.95181654584088,2.6192772573684,0.0105867441371312,0.00638427588976078,0.983938848613628,0.873092419122801,-249.169323930936,70.9545970527308,-83.0564413103121,23.6515323509103,252.121140476777,73.1627049531714,84.0403801589257,24.3875683177238
"L284",1.64846300999995,1.81123018226271,0.00673957909075686,0.00595474750026104,0.659385203999981,0.724492072905084,-217.136110135954,54.7535281517431,-86.8544440543816,21.9014112606972,218.784573145954,56.0882886108979,87.5138292583816,22.4353154443592
"L285",1.60935888901499,1.92459543186362,0.00607719150893576,0.00643006770206834,0.357635308669998,0.427687873747471,-230.214337705963,58.8547211574869,-51.1587417124361,13.078826923886,231.823696594978,60.2415857530039,51.5163770211061,13.3870190562231
"L286",4.96672287304003,3.14984145960563,0.0238716748335317,0.00842046691718853,2.48336143652002,1.57492072980282,-189.494916307286,55.1228210053266,-94.7474581536429,27.5614105026633,194.461639180326,57.9715715809401,97.230819590163,28.9857857904701
"L287",4.26473362172902,5.65329293389463,0.0143654037205421,0.00676938042147797,1.06618340543225,1.41332323347366,-263.07290060261,126.946017840219,-65.7682251506526,31.7365044600548,267.337634224339,132.343679433622,66.8344085560849,33.0859198584054
"L288",2.99425949204998,2.38155109601096,0.0130464215927042,0.00652082818426524,1.06937839001785,0.850553962861057,-208.381146338978,60.0862211713023,-74.4218379782064,21.4593647040365,211.375405831028,62.0906177386702,75.4912163682242,22.1752206209536
"L289",2.19469632781457,2.10449457431568,0.00755555895698819,0.0062249275571612,0.365782721302428,0.35074909571928,-260.145701154789,65.4809640678174,-43.3576168591314,10.9134940113029,262.340397482603,66.9919870516177,43.7233995804339,11.1653311752696
"L290",5.23184710497286,7.5815488194463,0.0260551199166308,0.00858658927362945,2.61592355248643,3.79077440972315,-175.292528845055,133.062747763344,-87.6462644225276,66.5313738816721,180.524375950028,140.528857153716,90.2621879750141,70.2644285768581
"L291",3.24893816285912,6.21449007538777,0.0138851758761129,0.00668937161039515,3.24893816285912,6.21449007538777,-216.085724433259,142.009805846199,-216.085724433259,142.009805846199,219.334662596118,148.062315902016,219.334662596118,148.062315902016
"L292",2.28832008089113,14.9640387211924,0.00695491388126482,0.00681118918205071,1.52554672059408,9.97602581412828,-226.807045982032,425.646709838363,-151.204697321355,283.764473225575,229.095366062923,440.541755124853,152.730244041949,293.694503416569
"L293",NA,NA,NA,NA,NA,NA,NA,NA,NA,NA,NA,NA,NA,NA
"L294",2.48073691746004,2.12014090320681,0.0106160007903875,0.00667191992417773,0.496147383492008,0.424028180641362,-208.004452606201,59.4020339959235,-41.6008905212403,11.8804067991847,210.485189523661,61.1781728991854,42.0970379047323,12.2356345798371
"L295",1.89209888870658,1.83495189343219,0.00845631968989373,0.00621031299230582,0.946049444353289,0.917475946716095,-197.093750115394,56.946472543654,-98.5468750576971,28.473236271827,198.985849004101,58.4411973454767,99.4929245020504,29.2205986727383
"L296",1.66696756630452,2.34411966574312,0.00622413277320389,0.00692220659101369,0.555655855434842,0.781373221914373,-224.193181188969,69.0740906526088,-74.7310603963231,23.0246968842029,225.860148755274,70.9779189756686,75.286716251758,23.6593063252229
"L297",1.67018302252554,1.84601835947827,0.00728929685661292,0.00638261244550667,0.556727674175179,0.615339453159423,-198.168967430745,59.1436794645256,-66.0563224769151,19.7145598215085,199.839150453271,60.5847327001128,66.6130501510902,20.1949109000376
"L298",3.11002473371389,3.56556834383536,0.0107602797477238,0.00691455570249457,1.03667491123796,1.18852278127845,-250.149703747768,115.08294220167,-83.3832345825892,38.36098073389,253.259728481482,118.330349932336,84.4199094938272,39.4434499774453
"L299",1.59331083386326,1.61028132864091,0.0088414464509034,0.00673884434775234,0.79665541693163,0.805140664320454,-157.154568237911,48.151940869129,-78.5772841189557,24.0759704345645,158.747879071775,49.4688677185224,79.3739395358874,24.7344338592612
"L300",2.941902311729,3.66084322939922,0.0119928428415624,0.00675740723297001,1.4709511558645,1.83042161469961,-214.981629455656,101.122731069965,-107.490814727828,50.5613655349825,217.923531767385,104.566206723929,108.961765883693,52.2831033619647
"L301",2.93136716309623,2.68853137081951,0.0100828103451639,0.00684733384895893,0.418766737585176,0.384075910117072,-257.199972610695,72.2565366473289,-36.7428532300993,10.3223623781898,260.131339773791,74.494607176762,37.1616199676845,10.6420867395374
"L302",2.61826563826043,2.29987368992514,0.00910624980591848,0.00617662236955463,0.327283204782554,0.287484211240642,-259.700723498622,66.0126717139443,-32.4625904373278,8.25158396424304,262.318989136883,67.7976357508292,32.7898736421103,8.47470446885365
"L303",2.63213310105264,1.68082380317873,0.0163669389831314,0.00657969026504574,2.63213310105264,1.68082380317873,-148.117321634093,39.8594931064595,-148.117321634093,39.8594931064595,150.749454735145,41.3168263157148,150.749454735145,41.3168263157148
"L304",2.6995234366816,2.16299377185741,0.0121851294673632,0.00632234178718515,1.3497617183408,1.0814968859287,-200.363289433294,56.5561334678214,-100.181644716647,28.2780667339107,203.062812869975,58.4075036685312,101.531406434988,29.2037518342656
"L305",3.26945896247021,2.66760917250337,0.010821263503325,0.00641470554363965,0.653891792494042,0.533521834500675,-271.745572070667,73.1393193835803,-54.3491144141335,14.6278638767161,275.015031033138,75.358352706894,55.0030062066275,15.0716705413788
"L306",3.08160156519456,2.29547459114585,0.0135764633861736,0.00630390918906998,1.02720052173152,0.765158197048617,-207.344591385625,57.6699121783667,-69.1148637952085,19.2233040594556,210.42619295082,59.6422613994495,70.14206431694,19.8807537998165
"L307",3.5852782344589,3.34906433228054,0.0120207994006745,0.00642135413794393,0.597546372409817,0.558177388713424,-268.133540293344,90.4595607911155,-44.6889233822239,15.0765934651859,271.718818527803,93.3928074067155,45.2864697546337,15.5654679011193
"L308",2.80496012411256,2.11256984940937,0.0105741288235566,0.00629052185929664,0.329995308719125,0.248537629342279,-242.698167412487,58.3331169407655,-28.5527255779396,6.86271964009006,245.503127536599,59.9496387129102,28.8827208866587,7.05289867210708
"L309",1.95357650696636,1.53789090168659,0.0103728891200572,0.0062223266765082,0.651192168988785,0.512630300562198,-172.362786399233,43.5379940852499,-57.4542621330777,14.5126646950833,174.316362906199,44.7084456649249,58.1054543020665,14.9028152216416
"L310",2.66457871432329,2.4543690338929,0.0103877813900616,0.00630966669199256,2.66457871432329,2.4543690338929,-227.444078935729,73.9690416411718,-227.444078935729,73.9690416411718,230.108657650052,76.0714948568584,230.108657650052,76.0714948568584
"L311",2.12722748635793,2.36165862309183,0.00894938508108215,0.0074994691861509,0.531806871589483,0.590414655772957,-201.285686756057,64.5699177622017,-50.3214216890142,16.1424794405504,203.412914242415,66.5466704254537,50.8532285606037,16.6366676063634
"L312",2.44160752969495,2.76702847763556,0.00868026307429268,0.00723472006212044,0.195328602375596,0.221362278210845,-246.768764181088,64.907933226635,-19.741501134487,5.1926346581308,249.210371710783,67.0796073213002,19.9368297368626,5.36636858570401
